Product Name,ASIN,Product Type,Site Category,Price Range,Description
Crayola Washable Crayons for Kids 64ct (2 Boxes),B07KY2HBCM,Crayons,All Categories,$10-20,Washable crayons in a bulk twin-pack; ideal for coloring books and school use ages 3+
Crayola Crayon Tub 240ct,B084ZQVW1W,Crayons,All Categories,$20-40,Large tub of 240 assorted-color crayons; great value bulk supply for kids ages 3+
Crayola Large Crayons Assorted 8 Count,B001E63EJS,Crayons,All Categories,$5-10,Oversized easy-grip crayons for toddlers and young children ages 2+
Crayola MyFirst Jumbo Crayons Pack of 8,B00BUIE8OU,Crayons,All Categories,$5-10,Extra-thick toddler crayons with wide barrel for little hands ages 12+ months
Crayola Special Effects Bulk Crayon Set 5 Pack,B0CBCR7C87,Crayons,All Categories,$20-40,Five specialty 24-count packs: glitter pastel bold neon and metallic crayons for kids
Crayola Large Egg Crayons 12ct,B08JWCL49F,Crayons,All Categories,$5-10,Egg-shaped washable crayons sized perfectly for toddler hands ages 1+
Crayola Crayons Bulk 24 Packs,B00Y4QBJAQ,Crayons,All Categories,$20-40,Classpack of 24 boxes of crayons for school and party supply needs ages 3+
RoseArt Crayons 24 Per-Pack,B008M47GJE,Crayons,All Categories,$5-10,Affordable 24-count crayon pack; non-toxic and great for everyday coloring
RoseArt 64-Count Crayons,B003O85ID4,Crayons,All Categories,$5-10,Budget-friendly 64-color crayon set for kids; packaging may vary
RoseArt 24 Count Childrens Non-Toxic Crayons,B000V19LSK,Crayons,All Categories,$5-10,Classic non-toxic 24-count crayons for children at home or school
Crayola Twistables Colored Pencil Set 50ct,B07D4RN9NH,Colored Pencils,All Categories,$10-20,No-sharpen twist-up colored pencils for kids 4+; 50 colors including 20 exclusive shades
Crayola Twistables Colored Pencils Set 65ct with Art Case,B00AHAJEF0,Colored Pencils,All Categories,$10-20,65-piece set with 25 twist-up pencils and 40 drawing sheets in a portable plastic case
Crayola Twistables Art Bundle 50ct Pencils + 50ct Mini Crayons,B09XMDS8TV,Colored Pencils,All Categories,$10-20,No-sharpen bundle combining 50 colored pencils and 50 mini crayons for school supplies
Crayola Twistable Colored Pencils 18 Count,B000GYZ2CG,Colored Pencils,All Categories,$5-10,Compact 18-count twist-up colored pencils for ages 3+; no sharpener needed
ARTEZA 100 Colored Pencils for Kids Double-Sided 50 Pencils,B099GBKV37,Colored Pencils,All Categories,$10-20,50 double-sided pre-sharpened pencils giving 100 colors in one pack for kids
ARTEZA Scented Colored Pencils for Kids 24 Triangular,B099GK7KRY,Colored Pencils,All Categories,$10-20,24 fun-scented triangular pencils in aromas like mango strawberry and chocolate for school
ARTEZA 48 Colored Pencils for Kids Vibrant Triangular,B099GC6ZT9,Colored Pencils,All Categories,$10-20,48 highly pigmented pre-sharpened triangular pencils designed for layering and blending
ARTEZA Kids Colored Pencils 48ct Metallic and Neon,B099GS3MNG,Colored Pencils,All Categories,$10-20,48 metallic and neon triangular pre-sharpened colored pencils for drawing and doodling
Arteza Kids Erasable Colored Pencils Set of 48,B099GHQQHV,Colored Pencils,All Categories,$10-20,48 erasable vibrant triangular colored pencils; smooth colors perfect for coloring and school
Faber-Castell Classic Colored Pencils Tin Set 48 Colors,B01MCTOLRY,Colored Pencils,All Categories,$20-40,48-color tin set with eraser sharpener and sketch pencils; premium kids art product
Faber-Castell Classic Colored Pencils Tin Set 36 Colors,B01LWVTMY9,Colored Pencils,All Categories,$20-40,36 vibrant colors in a sturdy metal tin case; premium quality for kids
Faber-Castell Jumbo Grip Colouring Pencils Set 12 Pieces,B0007OECLC,Colored Pencils,All Categories,$10-20,Triangular jumbo-grip shatterproof 12-color pencils designed for children and adults
Faber-Castell Grip Colored EcoPencils 12 Count,B000TRC1MO,Colored Pencils,All Categories,$5-10,Eco-friendly 12-count grip colored pencils made from FSC-certified wood for kids
Crayola Ultra Clean Washable Markers 40ct Broad Line,B013RQPB5C,Washable Markers,All Categories,$10-20,40 broad-line ultra-clean washable markers in assorted colors for kids ages 3+
Crayola Washable Broad Line Marker Variety Set 64ct,B00J8PKQGQ,Washable Markers,All Categories,$20-40,64-piece variety set including ultra-clean window and gel FX markers for kids 3+
Crayola Ultra Clean Fine Line Washable Markers 40ct,B019592A6I,Washable Markers,All Categories,$10-20,40 fine-tip ultra-clean washable markers with 40 different colors for kids ages 3+
Crayola Super Tips Marker Set 100ct,B071CP6X88,Washable Markers,All Categories,$10-20,100 washable super-tip markers for kids and adults; makes thick and thin lines ages 3+
Crayola Super Tips Washable Markers 50 Count,B00004UFOO,Washable Markers,All Categories,$10-20,50-count washable super-tip markers for coloring books and art projects ages 3+
Crayola Super Tips Washable Marker Set 65 Piece,B00AHAJEGE,Washable Markers,All Categories,$10-20,65-piece washable super-tip marker gift set for kids; convenient storage included
Crayola Supertips Washable Markers 80ct Amazon Exclusive,B07MSBF4HS,Washable Markers,All Categories,$10-20,80-count bulk classroom supply of washable supertip markers with 12 scented shades ages 3+
Crayola My First Ultra-Clean Washable Markers 8ct,B006UBM1M8,Washable Markers,All Categories,$5-10,8 classic-color toddler markers with crush-proof tips designed for little hands ages 2+
Crayola Watercolor Paint Set 16 Count,B000CD0Q1I,Watercolor Paint,All Categories,$5-10,16-color washable watercolor paint set with one paint brush for kids ages 4+
Crayola Washable Watercolors 24 Count,B01KQDP3XE,Watercolor Paint,All Categories,$5-10,24-color washable watercolor paint set; safe non-toxic and easy to clean up for kids
Neliblu Watercolor Paint Set Pack of 24,B07KSMVXRC,Watercolor Paint,All Categories,$10-20,Bulk 24-pack of 8-color washable watercolor sets with brush; great for parties and classrooms
Watercolor Paint Set 48 Colors with Refillable Water Brush,B092QTCLTM,Watercolor Paint,All Categories,$10-20,48-color non-toxic washable watercolor set with refillable water brush pen and palette
Bedwina Watercolor Paint Sets Bulk Pack of 12,B088HHRNLP,Watercolor Paint,All Categories,$10-20,Bulk 12-pack of 8-color washable watercolor sets with palette tray and brush for classrooms
Ezzgol Watercolor Paint Sets Bulk Pack of 24,B08X27QJTC,Watercolor Paint,All Categories,$20-40,24 individual 8-color watercolor sets with wooden brush; bulk classroom art supply
ARTEZA Kids Painting and Drawing Kit 75-Piece Bundle,B09GVJ47MX,Art Activity Kits,All Categories,$20-40,75-piece all-in-one kit with mini colored pencils watercolors oil pastels and crayons for kids
VigorFun Art Supplies 240-Piece Drawing Art Kit Pink,B09BCJNNXD,Art Activity Kits,All Categories,$20-40,240-piece art set with trifold easel sketch pads crayons colored pencils and watercolors
VigorFun Art Supplies 240-Piece Drawing Art Kit Black,B09BCK2BJT,Art Activity Kits,All Categories,$20-40,240-piece comprehensive art kit with double-sided easel for kids girls boys teens ages 4-12
Crayola Silly Scents Inspiration Art Case 80 Pieces,B08V1M9R6K,Art Activity Kits,All Categories,$20-40,80-piece art case with scented markers twistable crayons and colored pencils; holiday gift set
Melissa and Doug Created by Me Stencil Art Coloring Activity Kit,B07D2MPQRN,Art Activity Kits,All Categories,$10-20,170+ stencil designs with 6 markers 2 crayons and paper for kids creative coloring activities
Melissa and Doug Jumbo 50-Page Kids Coloring Pads 3-Pack,B01DU1CC24,Art Activity Kits,Animals / Vehicles,$10-20,Three 50-page coloring pads featuring animals vehicles and mixed themes on premium paper
Melissa and Doug Paint with Water Activity Books Set Farm Ocean Safari,B00FS5LQK0,Art Activity Kits,Animals / Ocean,$10-20,Three paint-with-water activity books (Farm Ocean and Safari); 20 pictures per book
Zefy 3800 Plus Pcs Arts and Crafts Kit for Kids,B0G2RXVX71,Art Activity Kits,All Categories,$20-40,3800+ piece all-in-one craft kit with 20 project designs; ideal gift for girls and boys ages 4-12
SMILESSKIDDO Arts Craft Supplies for Kids 1000 Plus PCS Blue,B0FFGSR37B,Art Activity Kits,All Categories,$20-40,1000+ piece toddler DIY art supply kit in portable 3-layer storage box; gift for girls ages 4-12
Animals of the World Kids Coloring Book Jungle Edition,B0GCVN3H1X,Coloring Book - Animals,Animals,$5-10,30 amazing jungle animal illustrations for children ages 6-12 to discover and color
Animals Coloring Book Cute and Educational with Fun Facts,B0D8MV4BP9,Coloring Book - Animals,Animals,$5-10,Educational animal coloring book for kids 4-8 with amazing facts and 5 bonus maze puzzles
Animals Color and Learn Animal Coloring Book with Fun Facts,B0FVF1QQYN,Coloring Book - Animals,Animals,$5-10,83-page animal coloring book with cute illustrations and fascinating facts for kids 4-8
Animal Kingdom Wild Wonders Coloring Book for Kids,B0DW97JJ2X,Coloring Book - Animals,Animals,$5-10,Adventurous animal coloring book for kids ages 4+ with a wide variety of wild animal scenes
ABC Animal Coloring Book for Kids Learn A-Z with Animals,B0GKTVWW23,Coloring Book - Animals,Animals / Alphabets,$5-10,Educational A-Z animal coloring book helping children learn the alphabet with bold outlines
Animal coloring book for kids Stress relief by Little Rose,B0GS6K9V29,Coloring Book - Animals,Animals,$5-10,Animal coloring book for kids and adults featuring jungle farmyard and ocean creatures
Unicorn and Princess Coloring Book for Kids Ages 4-8 by Tillman,B08QRVHXL2,Coloring Book - Unicorns/Princess,Princess / Unicorns,$5-10,Coloring activity book with unicorn and princess drawings mazes and dice games for ages 4-8
Unicorn and Princess Coloring Book for Kids Ages 4-8 by Mira Bloom,B0GHFZKT94,Coloring Book - Unicorns/Princess,Princess / Unicorns,$5-10,60 magical coloring pages with unicorns princesses fairies and mermaids for ages 4-8
Unicorn Coloring Book for Kids Ages 4-8 Vol 1,B09LGNC1DS,Coloring Book - Unicorns/Princess,Unicorns,$5-10,Unicorn rainbow and princess coloring fun in US Edition Volume 1 for ages 4-8
Unicorn Mermaid and Princess Coloring Book by Future Teacher Foundation,B08KX46ZSS,Coloring Book - Unicorns/Princess,Princess / Unicorns,$5-10,10000+ five-star-rated coloring book with magical unicorns beautiful princesses and mermaids
Princess Unicorn Coloring Pages for Kids,B0CKZGPS5F,Coloring Book - Unicorns/Princess,Princess / Unicorns,$5-10,Dedicated princess and unicorn coloring pages for young children; single-sided printing
Construction and Transportation Vehicles Coloring Book for Kids,B09244CLCQ,Coloring Book - Vehicles,Vehicles,$5-10,Coloring book featuring trains cars boats dump trucks and planes for toddlers and kids
Transportation Coloring Book for Kids Cool Cars Planes Trains Bikes,B08W7DK719,Coloring Book - Vehicles,Vehicles,$5-10,Amazing collection of vehicle coloring pages including cars planes trains bikes and boats
Vehicles Coloring Book For Toddlers Ages 2-5 A-Z Transportation,B08JF5M4H6,Coloring Book - Vehicles,Vehicles,$5-10,A-Z vehicles coloring book for toddlers featuring helicopters trains trucks diggers and ships
VEHICLES COLORING BOOK FOR KIDS trucks ships planes and cars,B09Z6X5STD,Coloring Book - Vehicles,Vehicles,$5-10,Fun activity vehicle coloring book for boys and girls ages 3-8 covering trucks ships planes and cars
Sea Life Coloring Book for Kids Ages 4-8,B087LP257W,Coloring Book - Ocean/Nature,Ocean,$5-10,32-page ocean animal coloring book for kids 4-8 with one-sided pages to prevent color bleed
Ocean Animals Coloring Book for Kids Age 4-8 with Fun Facts,B0DBLV13TR,Coloring Book - Ocean/Nature,Ocean,$5-10,Underwater adventure coloring book with 50+ fun facts about marine life for ages 4-8
Ocean Coloring Book for Kids Toddlers by Little Rocking Horse,1705619967,Coloring Book - Ocean/Nature,Ocean,$5-10,Sea animal coloring book for boys and girls with easy-to-color designs building fine motor skills
Sea Animals Coloring Book for Kids Ages 4-12,B0D84787CY,Coloring Book - Ocean/Nature,Ocean,$5-10,39 cartoon sea animal coloring pages sized 8.5x11 for kids ages 4-12
50 Butterfly and Flowers Coloring Book for Kids,B0DNTTMB7R,Coloring Book - Ocean/Nature,Nature / Flowers,$5-10,Butterfly and flower coloring designs for boys and girls 4-8 with engaging nature illustrations
Kids Nature Magic Coloring Book Flowers Birds and Butterflies,B0GH25HQZY,Coloring Book - Ocean/Nature,Nature / Flowers,$5-10,Easy nature coloring pages featuring flowers birds and butterflies for children ages 3-9
Flower Coloring Book for Kids and Adults 120 Designs,B0BQ9GFFDS,Coloring Book - Ocean/Nature,Flowers,$5-10,120 relaxing nature and plant designs to color; suitable for kids and adults
Bold and Easy Mythical Dragons Coloring Book for Kids 50 Pages,B0DSTVDMD5,Coloring Book - Fantasy/Dragons,Fantasy,$5-10,50 fantasy dragon coloring pages for kids and adults; bold easy designs for stress relief
Fun Dragons Coloring Book for Kids and Adults 30 Designs,B0DL4DS55X,Coloring Book - Fantasy/Dragons,Fantasy,$5-10,30 unique hand-drawn dragon designs perfect for stress relief and creativity in kids and adults
Dragon Coloring Book For Kids Ages 2-8,B08SGWNJLL,Coloring Book - Fantasy/Dragons,Fantasy,$5-10,Dragon coloring book with personality-filled dragon designs to feed kids imagination ages 2-8
Cute Animal Fantasy Coloring Book Unicorns Dragons and More,B0CF4CW212,Coloring Book - Fantasy/Dragons,Fantasy / Unicorns,$5-10,Enchanting adventure coloring book featuring unicorns dragons and fantasy animals for kids
Alphabet Tracing and Coloring Book for Kids Ages 3-5,B0F66NJQQ3,Alphabet Coloring/Learning,Alphabets,$5-10,Teaches letters and handwriting through fun coloring and tracing activities for preschool/kindergarten
ABC Alphabet Coloring Book for Kids Ages 3-6 by Ahmad,B0GW5V5FQD,Alphabet Coloring/Learning,Alphabets,$5-10,Fun animal coloring pages teaching uppercase and lowercase A-Z letters for preschoolers
Coloring Book For Kids Learn The Alphabet by Massatti,B09QFG4ZFT,Alphabet Coloring/Learning,Alphabets,$5-10,Worksheet-style coloring book for learning the alphabet with letter activities for ages 3+
ABC and 123 Coloring Book Alphabet and Numbers by Bax,B0DR34YQBC,Alphabet Coloring/Learning,Alphabets,$5-10,Alphabet and number coloring book helping preschool kids explore letters numbers and early writing
ABC Coloring Book for Kids Ages 4-8 Learn Letters with Fun,B0GW879PT6,Alphabet Coloring/Learning,Alphabets,$5-10,Big simple letter designs with fun coloring for preschool and kindergarten early learners
Dinosaur Coloring Book 2024 for Kids Age 5-7 50 Pages,B0C91GWG6F,Coloring Book - Animals,Animals,$5-10,Dinosaur coloring book for children 5-7 with over 25 dynamic illustrations and 50+ pages
Cute Dinosaur Coloring Book 48 Baby Dino Pages,B0D7MXZTT5,Coloring Book - Animals,Animals,$5-10,48 adorable baby dinosaur pages for kids teens and adults; cute and creative dino designs
Melissa and Doug Jumbo Coloring Pad 50 Pages Animals,B006691LZW,Coloring Book - Animals,Animals,$5-10,50-page 11x14 inch animal coloring pad with large bold animal outlines for kids
National Geographic Kids Dinos Sticker Activity Book 1000 Stickers,1426317735,Sticker Books,Animals,$5-10,1000+ dinosaur stickers with fun activities mazes and games; ages 4-8
National Geographic Kids Ocean Animals Sticker Activity Book 1000 Stickers,1426324243,Sticker Books,Ocean,$5-10,1000+ ocean animal stickers featuring dolphins fish sea turtles and seals with skill-building puzzles
National Geographic Kids Cool Animals Sticker Activity Book 1000 Stickers,1426311133,Sticker Books,Animals,$5-10,1000+ cool animal stickers with fun games and activities for kids; educational and entertaining
National Geographic Kids Amazing Animals Super Sticker Activity Book 2000 Stickers,1426321074,Sticker Books,Animals,$10-20,Two-books-in-one with 2000+ amazing animal stickers; colorful scenes and educational content
Big Stickers for Little Hands My Unicorns and Mermaids,1788433602,Sticker Books,Unicorns,$5-10,Large-format unicorn and mermaid sticker book for toddlers with simple activities and big stickers
Unicorns Sticker Book by Fiona Watt Usborne 2024,1805071564,Sticker Books,Unicorns,$5-10,Whimsical unicorn sticker book with 250+ stickers including 80 sparkly stickers for kids
Melissa and Doug Colors and Shapes Coloring and Sticker Activity Pad,B0785VKSCK,Sticker Books,Shapes,$5-10,Colors and shapes coloring and sticker activity pad using FSC-certified materials for young kids
Melissa and Doug On the Go ColorBlast Activity Book Sea Life,B009B7M4HU,Sticker Books,Ocean,$5-10,24-picture no-mess color-reveal activity book on ocean sea-life theme for on-the-go coloring
